{
    "6": {
        "ground_state_energy": -18.126337365215807,
        "3": [
            -15.672318169492653,
            -15.672318174469371,
            -15.672318164678583
        ]
    }
}