{
    "4": {
        "ground_state_energy": -7.0040029970007485,
        "2": [
            -7.004002996262845,
            -7.004002996436008,
            -7.0040029969574675,
            -7.004002996968649,
            -7.004002996943706,
            -7.004002996973732,
            -7.0040029968043145,
            -7.004002996970884,
            -7.004002996957416,
            -7.004002996991271
        ]
    }
}