{
    "4": {
        "ground_state_energy": -12.291502622129176,
        "2": [
            -8.345863442003248,
            -8.64575092810123
        ],
        "10": [
            -8.645751311036328
        ]
    },
    "3": {
        "ground_state_energy": -6.0,
        "2": [
            -5.999999999999242,
            -5.99999999999955
        ]
    }
}