{
    "4": {
        "ground_state_energy": -7.000000400000033,
        "2": [
            -7.000000399956468,
            -7.000000399935598,
            -7.000000399909012,
            -7.000000399970951,
            -7.000000399913576,
            -7.000000399775488,
            -7.00000039999085,
            -7.000000399948297,
            -7.000000399870775,
            -7.000000399841554
        ]
    }
}