{
    "4": {
        "ground_state_energy": -7.040297007867906,
        "2": [
            -7.040297007776616,
            -7.040297007450075
        ]
    }
}