{
    "4": {
        "ground_state_energy": -7.427105745132009,
        "2": [
            -7.42710574510779,
            -7.427105745096174,
            -7.42710574511081,
            -7.427105745090081
        ]
    }
}