{
    "4": {
        "ground_state_energy": -30.08800749063508,
        "2": [
            -30.088007490618384,
            -30.088007490339088,
            -30.088007487642777,
            -30.088007490163278,
            -30.088007490591913,
            -30.08800749056113,
            -30.088007490618175,
            -30.088007489972014,
            -30.08800748954571,
            -30.088007490272137
        ]
    }
}