{
    "3": {
        "ground_state_energy": -3.7500000000000004,
        "1": [
            -3.749999999998365,
            -3.749999999999093,
            -3.7499999999603766,
            -3.749999999955757,
            -3.749999999989641,
            -3.7499999999936517,
            -3.7499999999995692,
            -3.749999999989277,
            -3.7499999999992264,
            -3.7499999999957616
        ],
        "2": [
            -3.7499999999888023,
            -3.7499999999639684,
            -3.7499999999974785,
            -3.749999999985709,
            -3.7499999999981597,
            -3.749999999999571,
            -3.7499999999720597,
            -3.7499999999939435,
            -3.74999999999363,
            -3.7499999999974003
        ],
        "3": [
            -3.749999999999903,
            -3.7499999999887654,
            -3.7499999999935727,
            -3.7499999999741496,
            -3.749999999998891,
            -3.7499999999993623,
            -3.7499999999453584,
            -3.7499999999789155,
            -3.749999999993119,
            -3.7499999999962426
        ],
        "4": [
            -3.749999999985003,
            -3.7499999999989244,
            -3.7499999999947278,
            -3.749999999990727,
            -3.7499999999958136,
            -3.749999999997465,
            -3.7499999999975078,
            -3.749999999986721,
            -3.749999999983766,
            -3.7499999999842153
        ],
        "5": [
            -3.7499999999990594,
            -3.7499999999998805,
            -3.7499999999795883,
            -3.7499999999998166,
            -3.749999999966288,
            -3.7499999999900053,
            -3.7499999999803784,
            -3.7499999999997486,
            -3.7499999999995524,
            -3.749999999992538
        ],
        "6": [
            -3.7499999999834728,
            -3.749999999995039,
            -3.7499999999997344,
            -3.749999999998764,
            -3.7499999999936198,
            -3.749999999998642,
            -3.749999999964288,
            -3.74999999999632,
            -3.7499999999875415,
            -3.749999999998952
        ]
    },
    "4": {
        "ground_state_energy": -8.145751311064593,
        "1": [
            -6.474525322493076,
            -6.4745253225232755,
            -6.474525322327281,
            -6.474525322543255,
            -6.474525322474268,
            -6.474525322537916,
            -6.474525322414943,
            -6.474525322547969,
            -6.4745253223932595,
            -6.474525322546585
        ],
        "2": [
            -8.145751310987979,
            -8.145751310938506,
            -8.145751308050302,
            -8.145751310834628,
            -8.145751310974077,
            -8.145751310937186,
            -7.869826844997492,
            -8.145751310660577,
            -8.14575131104525,
            -8.145751310789525
        ],
        "3": [
            -8.145751310959273,
            -8.145751311059106,
            -8.145751310847354,
            -8.145751310969917,
            -8.145751310970589,
            -8.145751311005261,
            -8.145751311043906,
            -8.14575131075512,
            -8.145751310838927,
            -8.14575131098478
        ],
        "4": [
            -8.145751310977326,
            -8.145751310937356,
            -8.145751310963586,
            -8.145751311045332,
            -8.145751311044705,
            -8.14575131105571,
            -8.14575130984629,
            -8.145751311019684,
            -8.145751311032043,
            -8.145751310526784
        ],
        "5": [
            -8.145751311030937,
            -8.145751311017335,
            -8.145751311058975,
            -8.145751311031116,
            -8.145751310817658,
            -8.145751310799064,
            -8.14575131103777,
            -8.145751311031702,
            -8.145751310917818,
            -8.145751310716737
        ],
        "6": [
            -8.145751311054742,
            -8.145751310997968,
            -8.145751311026824,
            -8.145751311024034,
            -8.145751308940149,
            -8.145751310938886,
            -8.14575131079547,
            -8.145751310958223,
            -8.145751311056657,
            -8.145751311035891
        ]
    },
    "5": {
        "ground_state_energy": -9.355551275463995,
        "1": [
            -7.25740575655115,
            -7.1451065178545035,
            -7.25740575755814,
            -7.145106510617604,
            -7.257405756743818,
            -7.145106518192052,
            -7.257405757854277,
            -3.561737691003917,
            -7.145106518212617,
            -7.257405757730516
        ],
        "2": [
            -9.180566564575988,
            -8.606529723617426,
            -9.238063956447299,
            -9.180566556290012,
            -9.180566563594896,
            -9.238063951564406,
            -9.236437535660771,
            -9.236429739389692,
            -9.238063936374424,
            -9.238063956958628
        ],
        "3": [
            -9.355551271126483,
            -9.355551897972967,
            -9.355551898131333,
            -9.35555188160601,
            -9.35555183930584,
            -9.35555190333969,
            -9.355551834641066,
            -9.355551899731449,
            -9.355551906561052,
            -9.35555190300167
        ],
        "4": [
            -9.355551273985922,
            -9.355551274403183,
            -9.355551273189683,
            -9.355551274498312,
            -9.355551269436887,
            -9.355551271216438,
            -9.355551272335997,
            -9.355551266070021,
            -9.355551268176637,
            -9.355551274111518
        ],
        "5": [
            -9.355551272311706,
            -9.355551273001721,
            -9.3555512749881,
            -9.35555127462758,
            -9.355551274532576,
            -9.3555512751126,
            -9.355551274892775,
            -9.355551273486345,
            -9.355551275182439,
            -9.355551274710773
        ],
        "6": [
            -9.355551273569544,
            -9.355551275063851,
            -9.355551274568658,
            -9.355551275183862,
            -9.355551275271504,
            -9.35555127506858,
            -9.35555127429531,
            -9.355551274932354,
            -9.35555127475519,
            -9.35555127504224
        ]
    },
    "6": {
        "ground_state_energy": -12.513216790313267,
        "1": [
            -6.7648631260054914,
            -8.084959606087805,
            -6.761181296185423,
            -8.084959604954044,
            -6.761181296558508,
            -6.761181296184701,
            -6.711288146059105,
            -8.084959604593491,
            -8.084959605107834,
            -6.711288145226677
        ],
        "2": [
            -9.685242709623347,
            -9.665097074056112,
            -9.665110560843393,
            -9.685242717847895,
            -9.665110439212171,
            -9.665109688005748,
            -9.685242722355161,
            -9.66511055470446,
            -9.66509788813778,
            -9.685242724705555
        ],
        "3": [
            -9.856196995945362,
            -9.856241288258909,
            -9.852603803303559,
            -9.854235586612411,
            -9.856240931415188,
            -9.851677253893305,
            -9.85532400407917,
            -9.856241283623172,
            -9.856225120278562,
            -9.83688833991516
        ],
        "4": [
            -9.856240995124537
        ]
    }
}