{
    "2": {
        "ground_state_energy": -2.23606797749979,
        "1": [
            -2.236067977498142,
            -2.236067977443407,
            -2.2360679774985197,
            -2.2360679774983683,
            -2.236067977497653,
            -2.2360679774837857,
            -2.2360679774997063,
            -2.236067977483172,
            -2.236067977444069,
            -2.2360679774996512
        ],
        "3": [
            -2.236067977499785,
            -2.2360679774997734,
            -2.2360679774997463,
            -2.2360679774849883,
            -2.2360679774997503,
            -2.236067977499743,
            -2.2360679774994794,
            -2.2360679774992716,
            -2.2360679774995926,
            -2.2360679774960532
        ],
        "5": [
            -2.236067977497554,
            -2.23606797749959,
            -2.2360679774820627,
            -2.236067977499779,
            -2.2360679774994408,
            -2.236067977495537,
            -2.2360679774997867,
            -2.2360679774997205,
            -2.236067977495306,
            -2.2360679774997827
        ],
        "7": [
            -2.2360679774997734,
            -2.236067977499552,
            -2.2360679774997894,
            -2.2360679774996375,
            -2.2360679774984447,
            -2.236067977499092,
            -2.236067977499782,
            -2.2360679774974583,
            -2.236067977498797,
            -2.2360679774997894
        ],
        "9": [
            -2.2360679774997916,
            -2.2360679774995758,
            -2.236067977499721,
            -2.23606797749979,
            -2.2360679774929606,
            -2.2360679774995647,
            -2.2360679774996752,
            -2.236067977497897,
            -2.236067977499667,
            -2.2360679774997014
        ],
        "11": [
            -2.2360679774997867,
            -2.2360679774995686,
            -2.236067977499791,
            -2.2360679774997863,
            -2.236067977499462,
            -2.2360679774976404,
            -2.2360679774997774,
            -2.23606797749979,
            -2.23606797749976,
            -2.236067977499791
        ],
        "13": [
            -2.23606797749909,
            -2.2360679774996886,
            -2.23606797749976,
            -2.2360679774997854,
            -2.236067977496003,
            -2.2360679774997854,
            -2.236067977499782,
            -2.2360679774997925,
            -2.2360679774997934,
            -2.236067977499789
        ],
        "15": [
            -2.23606797749613,
            -2.23606797749963,
            -2.23606797749977,
            -2.2360679774993324,
            -2.236067977499789,
            -2.2360679774997085,
            -2.2360679774978576,
            -2.2360679774997845,
            -2.2360679774996184,
            -2.2360679774978562
        ],
        "17": [
            -2.2360679774997063,
            -2.2360679774997925,
            -2.236067977499787,
            -2.2360679774997707,
            -2.2360679774997796,
            -2.2360679774994527,
            -2.236067977499788,
            -2.2360679774996775,
            -2.2360679774997454,
            -2.236067977499749
        ],
        "19": [
            -2.236067977495103,
            -2.236067977498253,
            -2.236067977499786,
            -2.2360679774997902,
            -2.236067977498901,
            -2.23606797749979,
            -2.236067977499425,
            -2.236067977499769,
            -2.2360679774994687,
            -2.2360679774996775
        ]
    },
    "4": {
        "ground_state_energy": -4.758770483143632,
        "1": [
            -4.646248845547138,
            -4.646248845547476,
            -0.18743890185166978,
            -0.1874389018528313,
            -4.646248845547987,
            -0.18743890185248302,
            -4.646248845546045,
            -0.18743890183861567,
            -0.18743890183522127,
            -4.6462488455465305
        ],
        "3": [
            -4.695324176526212,
            -4.725460930846555,
            -4.740707083092776,
            -4.740707083473595,
            -4.7407070833463845,
            -4.758614452313607,
            -4.740707083497911,
            -4.7586144523075005,
            -4.758540302426024,
            -4.7214870502437565
        ],
        "5": [
            -4.758770483126826,
            -4.7587704831034685,
            -4.758770482975985,
            -4.758770482788458,
            -4.758770482853507,
            -4.758770482056783,
            -4.758770483031964,
            -4.7587704827723485,
            -4.7587704831037865,
            -4.758770483131972
        ],
        "7": [
            -4.758770483051091,
            -4.7587704830632696,
            -4.758770482330281,
            -4.758770482813532,
            -4.758770481385268,
            -4.758770483084094,
            -4.758770483093409,
            -4.758770482961335,
            -4.758770483062887,
            -4.758770483136582
        ],
        "9": [
            -4.758770481399618,
            -4.758770483139463,
            -4.758770483117862,
            -4.758770483138601,
            -4.758770483006698,
            -4.758770483041742,
            -4.758770483133259,
            -4.758770483136953,
            -4.758770483098198,
            -4.758770483090987
        ],
        "11": [
            -4.758770483118176,
            -4.7587704831423,
            -4.758770483052808,
            -4.758770483042048,
            -4.7587704831204745,
            -4.758770483139372,
            -4.758770482934191,
            -4.7587704831336275,
            -4.7587704826775905,
            -4.758770483141395
        ],
        "13": [
            -4.758770483131296,
            -4.7587704831262005,
            -4.758770483122399,
            -4.758770482979655,
            -4.758770483141256,
            -4.7587704831037,
            -4.758770483138193,
            -4.758770483141442,
            -4.758770482099203,
            -4.7587704831399105
        ],
        "15": [
            -4.758770483136164,
            -4.758770483102911,
            -4.758770483096468,
            -4.758770483138312,
            -4.7587704831300695,
            -4.758770483097335,
            -4.758770483143286,
            -4.7587704831294095,
            -4.758770482946258,
            -4.758770483134897
        ],
        "17": [
            -4.758770483122308,
            -4.758770483142995,
            -4.758770483103061,
            -4.7587704831193465,
            -4.758770483143144,
            -4.758770483141759,
            -4.758770483137865,
            -4.758770483124305,
            -4.7587704831282736,
            -4.758770483074942
        ],
        "19": [
            -4.758770483114738,
            -4.758770483132516,
            -4.758770483001658,
            -4.758770483139733,
            -4.75877048305745,
            -4.758770483137193,
            -4.758770482766582,
            -4.758770483138231,
            -4.758770483139965,
            -4.758770483140515
        ]
    },
    "6": {
        "ground_state_energy": -7.296229810558755,
        "1": [
            -7.059797185779381,
            -2.5993677606771315,
            -7.059797185779464,
            -7.059797185779546,
            -7.059797185779503,
            -2.599367760677115,
            -2.599367760676806,
            -7.0597971857793524,
            -2.5993677606729984,
            -2.5993677606749133
        ],
        "3": [
            -7.222614298187912,
            -7.187004125081192,
            -7.226987160121671,
            -7.222614298164647,
            -7.246434087169817,
            -7.246434087268917,
            -7.2514166790179235,
            -7.1870041250935115,
            -7.187004125091216,
            -7.251416679020529
        ],