{"3": {"1": [{"unpruned": {"initial_parameters": [3.684795057072419, 1.9846023181752428, 1.2284418734484253, 1.5856945993475595, 0.6211711804369722, 2.248932154808925, 6.019375071239307, 3.3300426290354928, 3.8479692300827915, 4.127471995954513, 4.882864963817882, 0.2670143835458536], "seed": 1251, "energy": -1.5993379662322695, "optimal_parameters": [6.283185438109495, -0.6916351643519164, -2.990045927553827e-08, -3.4563742643890294e-08, 0.6916352834289597, -1.498273244341176e-08, 7.562764495812484, 5.003606121054798, 6.283185260262515, 6.215244852910268, 6.351125629804486, -1.0496367078255896e-07]}, "pruned": {"initial_parameters": [1.9846023181752428, 0.6211711804369722, 6.019375071239307, 3.3300426290354928, 4.127471995954513, 4.882864963817882], "seed": 1251, "energy": -1.599337966232273, "pruned_indices": [0, 2, 3, 5, 8, 11], "optimal_parameters": [-0.6916351392407505, 0.6916351452241406, 7.56276457254471, 5.0036062147122, 6.21524512909557, 6.351125445542082]}, "pruned_and_randomized": {"initial_parameters": [4.151961948869948, 3.306595398414337, 0.2544789398573952, 5.728185841357415, 3.3718580072952578, 1.5236678422625287], "seed": 1251, "energy": -1.5993379662323086, "pruned_indices": [0, 2, 3, 5, 8, 11], "optimal_parameters": [5.591550072452572, 6.974820500474674, 1.2795792152521692, 5.00360615945176, 6.215245014643226, 0.06794027693921437]}}, {"unpruned": {"initial_parameters": [4.879261296816569, 0.009005696421312725, 5.901636222005047, 5.744564091362527, 4.368763862634586, 6.141621809445636, 6.194015445754722, 6.069596340537885, 0.8221021914534606, 5.793530499040807, 3.922194126178348, 5.379763708544452], "seed": 1274, "energy": -1.5993379662320548, "optimal_parameters": [6.283185272067823, 0.6916354264761869, 6.283185036961402, 6.283184996283719, 5.591550188393025, 6.283185422389309, 5.003606163970286, 7.562764491151984, 8.600554725703577e-08, 6.351125333223135, 6.215244712709346, 6.2831850268392]}, "pruned": {"initial_parameters": [0.009005696421312725, 4.368763862634586, 6.194015445754722, 6.069596340537885, 5.793530499040807, 3.922194126178348], "seed": 1274, "energy": -1.5993379662322196, "pruned_indices": [0, 2, 3, 5, 8, 11], "optimal_parameters": [0.6916350576598185, 5.591549963265878, 5.003606120335843, 7.562764545848875, 6.3511252827605045, 6.215244772807087]}, "pruned_and_randomized": {"initial_parameters": [5.6078822652216145, 4.45434938829905, 0.6586173651142853, 3.363977185325697, 4.9645036255469766, 4.135264886142595], "seed": 1274, "energy": -1.5993379662322886, "pruned_indices": [0, 2, 3, 5, 8, 11], "optimal_parameters": [5.591550242987539, 6.974820557694586, 1.2795792522063003, 5.003606148477928, 6.21524483143026, 6.351125698933314]}}, {"unpruned": {"initial_parameters": [0.03373819367837823, 2.3636928186604167, 1.3743666008539006, 0.7934004217170274, 1.1667196075780408, 5.547526264846465, 4.273036704780839, 3.0068334398254613, 1.4169907414790992, 4.906403393647122, 0.09169149456296995, 1.6016316935326862], "seed": 1297, "energy": -1.5993379662322307, "optimal_parameters": [-1.9251245763936554e-08, 0.6916351487297253, -1.5938219540683293e-08, -1.7515113090198594e-08, -0.6916352651402348, 6.2831853449050685, 5.003606276435025, 1.2795793966259055, -1.8861181005492018e-07, 6.351125425091258, -0.06794035464243894, -1.2264095554869573e-07]}, "pruned": {"initial_parameters": [2.3636928186604167, 1.1667196075780408, 4.273036704780839, 3.0068334398254613, 4.906403393647122, 0.09169149456296995], "seed": 1297, "energy": -1.5993379662322973, "pruned_indices": [0, 2, 3, 5, 8, 11], "optimal_parameters": [0.6916351295307274, -0.6916351439506101, 5.00360618187806, 1.2795791882712957, 6.351125692335387, -0.06794041608657224]}, "pruned_and_randomized": {"initial_parameters": [2.6464478698091525, 0.3172401656436986, 5.37858098497123, 1.1788782843030747, 0.05184154705249643, 2.709312767707983], "seed": 1297, "energy": -1.5993379662322804, "pruned_indices": [0, 2, 3, 5, 8, 11], "optimal_parameters": [0.6916350611820442, -0.6916352792081105, 5.003606089831653, 1.279579244117302, 0.06794030040784041, -0.06794046889981545]}}, {"unpruned": {"initial_parameters": [5.395967539503574, 4.548881276663243, 5.4837211981470055, 4.046485396608155, 5.404563270844545, 0.23215942701050551, 2.6865472333058, 3.743923863784133, 1.1665034890875423, 2.6395026142891487, 3.801918660451961, 4.516117093931733], "seed": 1320, "energy": -1.599337966232158, "optimal_parameters": [6.283185201031728, 6.974820545195627, 6.283185442277346, 6.283185482926974, 5.5915500739961805, -2.1599506891933764e-07, -1.2795791979267594, 7.56276441496715, 1.8451023585746538e-07, 0.06794048975375354, 6.215245218084365, 6.283185221999533]}, "pruned": {"initial_parameters": [4.548881276663243, 5.404563270844545, 2.6865472333058, 3.743923863784133, 2.6395026142891487, 3.801918660451961], "seed": 1320, "energy": -1.599337966232305, "pruned_indices": [0, 2, 3, 5, 8, 11], "optimal_parameters": [5.591550094338979, 6.974820522269387, 1.2795791612048872, 5.003606164313211, -0.067940217039766, 6.351125529942857]}, "pruned_and_randomized": {"initial_parameters": [5.120309413675228, 2.4303448482556287, 5.934199079181145, 0.7604830882663027, 0.05313145441897806, 5.5001449354459675], "seed": 1320, "energy": -1.5993379662322804, "pruned_indices": [0, 2, 3, 5, 8, 11], "optimal_parameters": [5.591549990334059, 0.6916351665604986, 7.5627645585938525, -1.2795791835884152, -0.06794021061497343, 6.351125515383658]}}, {"unpruned": {"initial_parameters": [4.889166630250224, 3.6808799979679305, 3.9566161289678754, 1.6872493819079413, 5.739151290337914, 0.85986880866164, 5.819307392634296, 3.8675552983464274, 5.019132668784801, 3.7746175406904063, 0.047043955203035885, 5.373640832385953], "seed": 1343, "energy": -1.5993379662321119, "optimal_parameters": [6.2831852191740145, 5.591550151681817, 6.283185427759185, -1.502540977440351e-07, 6.9748206033581805, -3.155680401026192e-07, 7.5627643682303445, 5.003605922906597, 6.283185483749204, 6.215245289001133, 0.06794000677173512, 6.283185049907804]}, "pruned": {"initial_parameters": [3.6808799979679305, 5.739151290337914, 5.819307392634296, 3.8675552983464274, 3.7746175406904063, 0.047043955203035885], "seed": 1343, "energy": -1.5993379662323004, "pruned_indices": [0, 2, 3, 5, 8, 11], "optimal_parameters": [5.591550153756016, 6.974820456504941, 7.562764399562661, 5.0036061114581445, 6.215245007340534, 0.06794030393702609]}, "pruned_and_randomized": {"initial_parameters": [4.277830552127347, 2.1378865263792295, 6.044011498503815, 6.1100753006842, 2.3710331666639033, 6.033877387309114], "seed": 1343, "energy": -1.5993379662322815, "pruned_indices": [0, 2, 3, 5, 8, 11], "optimal_parameters": [5.5915500849865225, 0.6916352699270302, 7.56276451311794, 5.003606156598113, -0.06794004930352342, 6.351125576025541]}}, {"unpruned": {"initial_parameters": [5.789543728280639, 0.4180782939745641, 1.1235416629453763, 1.6882867986182164, 4.521614678800593, 0.3742400580768953, 0.9296393038762603, 0.6758829715292053, 1.465392472484799, 1.0770187459445584, 3.0673858040084974, 4.4247609956681675], "seed": 1366, "energy": -1.599337966232141, "optimal_parameters": [6.28318531447405, -0.6916352317918599, 7.404627855969554e-08, 4.06868493443063e-07, 6.974820486903667, -2.892870660828244e-07, 1.2795791841441186, -1.279579137966901, -2.3741992779118014e-07, -0.06794071292317792, 0.06794001087743595, 6.283185299879876]}, "pruned": {"initial_parameters": [0.4180782939745641, 4.521614678800593, 0.9296393038762603, 0.6758829715292053, 1.0770187459445584, 3.0673858040084974], "seed": 1366, "energy": -1.5993379662323013, "pruned_indices": [0, 2, 3, 5, 8, 11], "optimal_parameters": [0.6916351712196815, 5.59155013963167, -1.2795791698360441, 1.2795791950838098, 0.06794019549876297, -0.06794011983535113]}, "pruned_and_randomized": {"initial_parameters": [3.879301498957865, 3.553998292652583, 5.5012237225487635, 3.4634766377446358, 6.244404504172167, 1.8549517257583958], "seed": 1366,