{"4": {"ground_state_energy": -8.145751311064593, "6": [-5.8228756554150785, -5.822875655204072]}}