{
    "2": {
        "ground_state_energy": -3.0,
        "1": [
            1.0000000000000002,
            1.0000000000000004,
            1.0000000000000002,
            1.0000000000000004,
            0.9999999999999999,
            1.0000000000000004,
            1.0000000000000004,
            1.0000000000000004,
            1.0,
            1.0
        ],
        "2": [
            1.0000000000000002,
            0.9999999999999996,
            1.0,
            1.0000000000000004,
            1.0,
            1.0000000000000004,
            1.0000000000000002,
            1.0000000000000007,
            0.9999999999999998,
            1.0000000000000004
        ],
        "3": [
            1.0,
            1.0000000000000002,
            1.0,
            0.9999999999999998,
            0.9999999999999991,
            1.0000000000000004,
            1.0000000000000002,
            1.0000000000000002,
            1.0000000000000004,
            1.0000000000000004
        ],
        "4": [],
        "5": [
            1.000000000000001,
            1.0000000000000002,
            1.0000000000000004,
            1.0,
            0.9999999999999996,
            1.0000000000000002,
            0.9999999999999998,
            1.0,
            1.0,
            1.0000000000000009
        ],
        "6": [],
        "7": [
            0.9999999999999996,
            1.0000000000000004,
            0.9999999999999991,
            1.0000000000000007,
            0.9999999999999998,
            1.0,
            1.0000000000000004,
            1.0000000000000002,
            1.0000000000000007,
            1.0000000000000009
        ],
        "8": [],
        "9": [
            1.0000000000000004,
            0.9999999999999991,
            1.0000000000000022,
            0.9999999999999998,
            1.0000000000000007,
            0.9999999999999993,
            1.0000000000000009,
            0.9999999999999994,
            1.0000000000000004,
            0.9999999999999997
        ],
        "10": []
    },
    "4": {
        "ground_state_energy": -8.145751311064593,
        "1": [
            -7.869826843862077,
            -7.86982684525412,
            -7.8698268444514445,
            -7.869826844485031,
            -7.869826840148172,
            -7.86982684495662,
            -7.86982672361357,
            -7.869826844658265,
            -7.869826844996556,
            -7.869826845183438
        ],
        "2": [
            -8.14575131101926,
            -8.145751310195639,
            -8.145751311019557,
            -8.145751310808455,
            -8.145751311042394,
            -8.145751311027343,
            -8.145751310984277,
            -8.14575131095471,
            -8.145751310990056,
            -8.145751310934285
        ],
        "3": [
            -8.14575131105083,
            -8.145751311044274,
            -8.145751311049608,
            -8.145751310536012,
            -8.145751311013116,
            -8.14575131093968,
            -8.145751310926236,
            -8.145751311035802,
            -8.145751310947224,
            -8.145751310989834
        ],
        "4": [],
        "5": [
            -8.145751311038188,
            -8.145751311051635,
            -8.145751311041217,
            -8.14575131102794,
            -8.145751311035921,
            -8.14575131103516,
            -8.145751311061673,
            -8.145751310945819,
            -8.14575131106198,
            -8.145751310976454
        ],
        "6": [],
        "7": [
            -8.145751311054171,
            -8.145751311062865
        ],
        "8": [],
        "9": [],
        "10": []
    },
    "5": {
        "ground_state_energy": -9.355551275463995,
        "1": [
            -9.091000169649924,
            -9.09103298068237,
            -9.091025688241896,
            -9.07693440141027,
            -9.07693505375667,
            -9.091032988641333,
            -9.091033557423643,
            -9.091027310680264,
            -9.076934312926562,
            -9.091033566005414,
            -9.076934310229609,
            -9.091025675766206,
            -9.09103358087027,
            -9.091027442919788,
            -9.091029310084712,
            -9.07693431281015,
            -9.091033603212882,
            -9.076934313030694,
            -9.07693431275476,
            -9.09103162694885,
            -9.09102734844608,
            -9.091033579987412,
            -9.091031272132746,
            -9.091023495271578,
            -9.091033041034692
        ],
        "2": [
            -9.355551267353942,
            -9.355551272552464,
            -9.35555127275699,
            -9.355551274600897,
            -9.355551272401742,
            -9.355551272934466,
            -9.355551270588565,
            -9.355551274087388,
            -9.3555512735354,
            -9.355551271709146,
            -9.35555127107903,
            -9.35555127376361,
            -9.355551272259948,
            -9.355551259840816,
            -9.355551273837548,
            -9.355551274146311,
            -9.355551271553642,
            -9.355551274469166,
            -9.355551273856044,
            -9.355551274779371,
            -9.355551272953042,
            -9.355551272849656,
            -9.355551253667395,
            -9.35555127117992,
            -9.3555512745474
        ],
        "3": [
            -9.355551274128102,
            -9.355551275233275,
            -9.35555127507846,
            -9.355551274910813,
            -9.355551274060797,
            -9.355551274746983,
            -9.35555127483796,
            -9.355551275035076,
            -9.35555127444348,
            -9.355551274868743,
            -9.355551274936182,
            -9.35555127438105,
            -9.355551274984572,
            -9.355551274935413,
            -9.355551274691727,
            -9.355551274403584,
            -9.355551274942911,
            -9.355551275108613,
            -9.355551274835664,
            -9.35555127495174,
            -9.355551274980417,
            -9.355551274788645,
            -9.355551272540911,
            -9.355551274915076,
            -9.355551274493683
        ],
        "4": [
            -9.355551274930773,
            -9.355551275405988,
            -9.355551275253529,
            -9.355551274996573,
            -9.355551274990466,
            -9.35555127462041,
            -9.355551274378245,
            -9.355551275058838,
            -9.35555127535426,
            -9.355551275168558,
            -9.355551274573438,
            -9.355551274923993,
            -9.355551275407233,
            -9.355551275266722,
            -9.355551275125114,
            -9.355551274607908,
            -9.355551275138904,
            -9.355551275247905,
            -9.35555127520409,
            -9.355551275225036,
            -9.35555127540935,
            -9.355551275094225,
            -9.355551275015358,
            -9.355551275354525,
            -9.355551274883915
        ],
        "5": [
            -9.355551274863828,
            -9.355551274385208,
            -9.355551275207562,
            -9.355551275053589,
            -9.355551275255786,
            -9.355551275266919,
            -9.355551275239463,
            -9.355551275211017,
            -9.355551274607485,
            -9.355551275301945,
            -9.355551275230887,
            -9.35555127523523,
            -9.355551275270921,
            -9.355551275205194,
            -9.355551274565586,
            -9.355551274799131,
            -9.355551275122156,
            -9.35555127366668,
            -9.3555512753891,
            -9.355551275035847,
            -9.355551274535076,
            -9.35555127486722,
            -9.355551274756008,
            -9.355551275183291,
            -9.355551275247503
        ],